-1104.9524,-984.37805,-1668.06,-1663.7573,-1588.5603,-1405.0875,-1071.0269,-1180.1656,-967.6002,-1244.8861
-1718.028,-1417.8672,-1443.4622,-1186.357,-1080.494,-1392.4672,-1188.7087,-1821.5148,-1073.9008,-1102.8273
-916.89813,-1347.6007,-1803.3013,-1721.3464,-1198.9014,-1388.0251,-1055.609,-1054.9994,-1349.9087,-1291.8661
-1185.7777,-1073.4574,-1562.6876,-1433.1321,-1102.5531,-1768.8319,-959.53174,-1487.8743,-920.5945,-1044.2996
-1178.1349,-1306.5631,-1201.9486,-1384.8969,-1293.0854,-1492.8477,-986.90955,-1149.9375,-971.75916,-1618.2795
-1168.2455,-1073.2682,-758.4507,-1179.8732,-1112.7592,-1161.9441,-979.7183,-1578.1428,-900.72797,-1181.1122
-1052.7437,-990.384,-1069.3193,-1583.9269,-1571.815,-1238.8525,-1466.3994,-1273.7485,-1436.648,-1414.4491
-1031.3129,-1066.1918,-894.462,-1864.663,-1622.5768,-1278.0897,-983.2333,-1527.8042,-1000.29663,-1797.6884
-1283.6625,-1297.5519,-867.0064,-1317.3397,-1195.4656,-1410.0027,-1263.0725,-1518.7833,-908.4784,-1494.6
-930.6271,-1178.5562,-1317.5753,-1779.0938,-1096.0896,-1549.6658,-977.8199,-1494.906,-957.08466,-1349.4996
-1136.0166,-1421.2869,-1162.3258,-1680.9631,-1562.8639,-1346.2593,-985.99194,-1129.4287,-1008.10876,-1489.4318
-1299.411,-1012.5361,-1410.2528,-1741.0774,-1173.8015,-1822.804,-1056.4395,-1763.959,-1578.8301,-1167.4812
-1141.0494,-935.12915,-1779.9127,-1619.208,-1302.004,-1447.5211,-1032.8169,-1412.0271,-1036.3181,-1600.21
-1780.745,-1014.23645,-1179.5865,-1925.6355,-1480.5042,-1901.39,-965.945,-1910.1185,-1689.9655,-1239.9119
-1059.2815,-1227.163,-929.2933,-1328.7928,-1123.335,-1686.6394,-1031.7814,-1767.0304,-1679.5066,-1591.3726
-1070.6663,-1515.6046,-915.17126,-1444.426,-1167.6176,-1444.7161,-977.15173,-890.1506,-1070.0387,-1455.1461
-1638.4642,-1342.1145,-1345.0931,-1060.56,-1177.5686,-1923.1241,-1350.9237,-1301.8878,-1793.4456,-1390.5754
-1069.1613,-1022.87213,-907.22797,-1525.1211,-1721.743,-1216.2482,-1068.0852,-1308.5413,-1189.1515,-1175.4065
-1737.9641,-1484.2078,-1036.552,-1818.5441,-1268.3392,-1881.5814,-967.7133,-1271.9467,-962.80945,-1389.8309
-1201.3628,-1035.171,-1645.5718,-1109.9163,-1506.3121,-1256.6425,-1304.487,-1258.9783,-1618.015,-1604.2699
-972.36633,-1591.0554,-1195.226,-1054.8982,-1274.8358,-963.159,-1775.5089,-1368.3843,-1252.0488,-1635.3248
-1070.5706,-1636.7616,-1175.9196,-1190.4268,-1540.4559,-1707.1293,-1453.2988,-1270.8237,-1557.8601,-1586.611
-1416.1532,-1692.9396,-1305.2119,-1127.6761,-1319.7744,-1331.4236,-1414.0292,-1071.3868,-1665.5774,-1409.9253
-1755.1484,-1757.7386,-1291.0369,-1421.2294,-1763.9297,-1711.3732,-1369.9324,-976.7758,-1545.8877,-1360.2257
-1307.0267,-1241.3656,-1269.865,-1449.825,-1904.2657,-1815.6373,-1321.8927,-974.18866,-1636.3723,-1381.2369
-1552.0891,-1151.0276,-1322.698,-1625.4169,-1657.0311,-1741.358,-1296.4358,-1197.7947,-1702.7733,-1402.7195
-1356.1022,-1142.3903,-1359.4851,-1320.136,-1714.7604,-1823.5608,-1535.6039,-1001.2177,-1355.0707,-1265.6771
-1485.3877,-1313.0299,-1126.2676,-1144.9215,-1725.9457,-1667.6063,-1364.6898,-1374.3263,-1388.8278,-1118.0713
-1453.8104,-1379.7283,-1778.3943,-1451.7402,-1456.2686,-1770.9823,-1239.8417,-747.9793,-1475.5271,-996.71173
-833.13965,-1001.5581,-1101.5946,-1438.2733,-1263.5159,-1838.6963,-1307.8477,-1276.63,-1572.516,-1707.8201
-1352.5925,-1181.7192,-1728.8541,-1057.0658,-1264.841,-1273.6581,-1138.0007,-853.7632,-1375.8014,-1217.4114
-1335.4945,-1213.4034,-1107.858,-1162.2646,-1123.5115,-1616.9894,-1377.949,-1109.7396,-1399.513,-896.3216
-997.96246,-987.4186,-1095.6863,-1301.3267,-974.68427,-1112.6469,-890.3438,-1125.1875,-1431.7059,-1734.2576
-1248.023,-1733.5369,-901.55096,-1140.6656,-669.51166,-1054.7,-1660.7374,-1004.76575,-1384.2936,-1218.9003
-1180.7429,-1127.5597,-1090.4469,-765.4644,-783.2224,-1302.2732,-1291.2854,-1001.87933,-1247.234,-1122.7656
-1237.2004,-1073.648,-974.8335,-1069.6606,-1180.9396,-759.0103,-1736.965,-874.04364,-970.21576,-1250.1724
-1092.3977,-1132.8494,-1142.0116,-869.3193,-908.71173,-1304.056,-918.5877,-868.21606,-1263.7911,-630.1562
-988.68744,-1014.5091,-1254.3397,-865.1237,-1014.3451,-718.20544,-1320.7426,-938.304,-1241.5013,-1051.8834
-868.1913,-751.97394,-961.44293,-944.8071,-910.8774,-732.09216,-635.5501,-1039.3691,-873.47614,-511.50406
-615.10486,-995.9412,-1248.3087,-897.26855,-1118.7,-1051.8699,-880.36084,-1041.6056,-1244.2711,-1272.3428
-1159.9911,-981.83966,-864.80963,-996.9419,-934.4383,-1067.0349,-1142.7537,-966.83014,-976.63916,-1121.1537
-1022.17194,-1036.2804,-627.035,-1005.73175,-1014.7273,-1416.4697,-1679.816,-377.98474,-1106.9071,-792.0452
-633.5052,-765.1169,-750.2034,-1064.8584,-1019.1345,-1091.8657,-733.2832,-1024.7583,-1082.833,-1245.4465
-746.1931,-517.3873,-886.54877,-1036.4762,-896.2059,-1197.9309,-1554.5437,-1031.4055,-1247.8746,-850.40784
-129.87726,-887.3283,-728.9188,-1000.6107,-1045.3546,-1199.1538,-626.1036,-1142.941,-758.71375,-1361.8799
-373.1416,-890.94775,-1093.4495,-1031.5005,-709.50507,-1291.4528,-969.4836,-1145.8732,-825.5617,-951.25525
-121.69675,-758.18896,-980.22406,-1140.0741,-510.231,-1201.219,-1749.5062,-507.1345,-1039.0249,-880.4658
-489.04837,-992.5541,-1021.2529,-1101.1217,-124.9041,-1052.8711,-1035.6699,-780.28125,-638.7362,-1374.8942
-241.66374,-882.7309,-1571.2057,-1137.44,-686.0933,-1632.2665,-1053.4049,-634.3051,-791.7888,-940.3349
-492.9757,-873.62396,-910.60065,-926.56854,-487.21027,-999.09296,-621.27985,-127.62778,-1023.9049,-895.5771
-365.77078,-890.0803,-941.3903,-987.6075,-479.80185,-627.7863,-1724.768,-475.21503,-867.953,-718.4128
-126.12463,-692.69275,-1729.2041,-769.3643,-247.11086,-1302.236,-1043.327,-1732.793,-964.9134,-1353.2604
-504.12906,-1026.9269,-1041.6967,-774.0955,-124.53922,-856.5764,-496.32568,-489.3215,-893.63055,-1327.0935
-126.65746,-841.8957,-932.16895,-649.6382,-126.765656,-724.45447,-949.2746,-355.7588,-738.4103,-1013.68195
-126.46576,-1037.1237,-936.3809,-764.5021,-244.03362,-1737.2766,-535.10474,-487.50604,-862.2246,-1298.8477
-530.4372,-770.2623,-1117.6893,-826.9098,-121.86394,-126.20181,-500.1247,-123.30379,-1085.6305,-1132.5378
-361.75784,-827.43304,-1030.2177,-749.86426,-488.09482,-126.638985,-617.48627,-122.122665,-862.59076,-893.10376
-242.22495,-857.0865,-1069.27,-1643.3112,-491.38007,-125.796265,-1714.5349,-126.80477,-907.2463,-617.22784
-126.069374,-746.64435,-1020.1979,-738.79333,-608.73566,-125.826614,-126.56507,-1.8388151,-731.7761,-1264.02
-473.5891,-499.52853,-1066.8733,-634.0446,-369.10687,-367.9085,-126.47173,-0.8683163,-1204.4917,-967.4563
-125.46007,-489.87802,-1029.7942,-1734.8986,-243.93399,-496.41513,-631.9703,-690.65515,-767.09564,-1002.6205
-123.27604,-245.67671,-907.2396,-733.91547,-238.65349,-1889.9928,-121.148964,-237.32297,-970.75244,-1208.3546
-126.62671,-749.6613,-972.5443,-993.0267,-244.26805,-123.13588,-123.16843,-505.30475,-853.1674,-856.1392
-125.183105,-249.11891,-892.6628,-854.24255,-490.88037,-244.61093,-244.9519,-489.55765,-624.85,-1021.6066
-251.85796,-492.1157,-914.74365,-1719.5166,-123.37496,-122.480835,-124.34963,-124.39948,-864.87775,-769.10266
-123.17929,-495.46625,-1213.6461,-627.5366,-234.83617,-867.0845,-123.209564,-356.0505,-956.35785,-767.846
-121.34938,-478.6172,-1005.9879,-499.513,-124.527405,-1679.7142,-243.92654,-635.23456,-869.5353,-601.4078
-121.37475,-614.5554,-1251.3665,-609.0174,-122.07424,-243.994,-239.73912,-243.57137,-752.16156,-985.9881
-654.45056,-614.22626,-1170.0988,-1728.9705,-124.550125,-1747.7603,-241.60596,-123.59519,-844.2069,-610.0356
-239.93869,-489.88855,-770.9321,-1203.6917,-122.12683,-125.54018,-126.41329,-367.34714,-742.827,-368.75214
-122.63208,-126.95017,-244.14088,-907.2809,-520.96124,-488.83383,-122.287025,-124.549034,-897.6715,-1263.8032
-494.9931,-637.4698,-120.44004,-491.59152,-476.28415,-1.0163531,-124.00503,-359.09915,-938.00836,-1148.6407
-624.2853,-241.86168,-245.33517,-500.63968,-496.38727,-124.41019,-1533.3108,-477.22638,-728.10675,-364.45224
-121.893326,-642.2961,-253.34274,-1030.3972,-125.21986,-363.66458,-356.63193,-602.21796,-606.3455,-0.36403853
-370.58078,-489.5315,-1250.095,-493.2533,-123.7665,-1.2168151,-357.76413,-498.6738,-247.90065,-1118.7593
-365.3266,-764.40656,-366.1982,-512.64185,-120.533485,-124.579636,-125.85507,-246.76973,-955.163,-851.9909
-122.628265,-613.5998,-240.21141,-252.60118,-353.48334,-486.01593,-0.57972085,-124.62565,-247.69989,-990.6262
-123.423454,-617.4342,-989.25977,-882.13794,-125.535286,-245.36024,-353.1462,-127.11655,-718.2628,-729.3118
-361.93066,-491.9708,-365.9617,-489.9768,-119.85827,-979.01,-125.68488,-367.31863,-611.19257,-125.66363
-554.06177,-483.78995,-244.62576,-502.15286,-1.0997998,-240.9924,-357.64926,-491.37097,-250.89272,-126.327225
-370.2284,-608.7595,-127.36461,-744.51526,-243.60886,-246.19376,-126.277626,-123.37634,-127.60666,-1302.5654
-124.12615,-248.41391,-244.16522,-418.90515,-123.06315,-487.1449,-1409.6102,-352.2753,-957.61536,-127.25455
-0.7976486,-364.50665,-719.72845,-1730.16,-0.3614135,-120.684525,-121.61472,-366.42325,-253.10104,-124.15106
-362.22726,-123.46078,-859.0448,-507.03323,-377.06238,-124.127556,-626.3652,-124.710945,-608.633,-608.2529
-125.606804,-120.58512,-366.81512,-494.5171,-124.77033,-123.89818,-242.76122,-126.031624,-125.734886,-480.72208
-0.17235461,-480.31363,-127.31542,-535.58997,-120.52033,-1651.0375,-124.83047,-234.8381,-834.3415,-1152.2433
-359.23535,-364.56433,-124.887215,-376.2427,-356.28537,-124.90716,-1039.442,-477.59216,-844.2359,-363.4837
-126.62146,-641.69006,-966.4964,-1560.2761,-366.10812,-122.76645,-123.1972,-595.3668,-725.4513,-604.5574
-124.35789,-124.98203,-125.24638,-242.08858,-121.18868,-1745.0078,-1559.9811,-246.00912,-842.3496,-724.2943
-354.98883,-363.39197,-484.64023,-126.1514,-657.5434,-608.337,-1048.2562,-121.63237,-1001.09766,-124.30753
-123.993286,-766.5081,-122.773865,-246.19783,-357.0728,-1723.471,-243.43391,-246.80417,-364.4689,-1137.2133
-123.40001,-248.12033,-1072.0963,-251.01396,-124.0575,-126.6871,-789.4912,-126.46385,-363.5539,-0.4198863
-125.90389,-126.50016,-478.09094,-243.39746,-123.37846,-126.06663,-908.0649,-125.4505,-248.98225,-245.59529
-368.30014,-360.6328,-478.0867,-126.08363,-122.228035,-126.096375,-122.61373,-244.01067,-123.40585,-736.83264
-125.21402,-124.63226,-826.6549,-632.65955,-121.80271,-125.90417,-123.96744,-499.33014,-679.80896,-126.952126
-122.25967,-473.38528,-606.3395,-126.642975,-0.34997246,-0.9549174,-489.2567,-364.60233,-247.9974,-365.4184
-0.6993664,-127.22945,-238.3884,-249.94612,-235.86275,-122.102646,-117.67625,-235.30627,-605.4322,-486.51498
-354.016,-126.754234,-856.023,-512.6766,-124.38991,-1655.8245,-616.2396,-242.20747,-250.62512,-598.7074
-121.84953,-371.55698,-122.338165,-693.8565,-358.61493,-353.5873,-235.32028,-126.73562,-247.76128,-248.54433
-122.453896,-242.49118,-363.65677,-126.62,-239.3383,-488.2344,-122.35446,-358.5261,-241.09735,-126.64502
-122.09995,-361.89487,-364.0129,-481.5181,-123.77664,-124.228516,-121.9061,-237.14606,-242.58524,-125.97731
-124.47128,-0.8500489,-125.068375,-126.55918,-367.82373,-0.30059454,-642.0177,-361.4593,-361.22614,-126.13067
-361.99997,-126.55232,-1.1380341,-243.58398,-480.1028,-123.08838,-124.60616,-359.80945,-121.66489,-247.44293
-121.843994,-612.52954,-485.62234,-124.30006,-123.57803,-122.19261,-748.7612,-1.0815983,-126.13192,-124.42132
-593.9788,-483.86905,-125.33832,-365.30908,-0.14046046,-1442.4619,-125.92567,-126.972496,-242.38272,-123.73341
-235.92955,-363.68738,-124.62582,-720.3421,-366.29385,-1170.2374,-240.56297,-478.64703,-603.80396,-242.2701
-125.94595,-124.55612,-981.5187,-494.62643,-120.29703,-121.1333,-238.31085,-125.33465,-358.73703,-359.7924
-494.8825,-125.9635,-247.3549,-124.597885,-126.74352,-243.67671,-1057.2157,-236.63878,-362.30087,-480.81424
-125.167145,-249.59772,-124.807274,-125.1409,-120.73692,-1491.7576,-238.74211,-126.71929,-127.412125,-749.2119
-238.33829,-124.09423,-244.90787,-481.78308,-123.87884,-123.14657,-119.63471,-123.351006,-123.02226,-0.5583097
-235.58017,-125.64341,-127.13086,-614.8739,-122.14655,-124.818665,-120.76389,-123.05585,-127.13061,-901.0185
-352.57047,-124.679474,-124.62225,-495.1095,-123.42027,-242.01393,-125.33561,-591.2484,-128.45708,-740.0644
-495.27112,-123.66772,-124.98715,-236.04826,-234.10968,-606.28503,-122.05357,-1.7642986,-362.47342,-734.6984
-124.63773,-125.819435,-124.973206,-481.95795,-525.6633,-124.09577,-122.528465,-558.0073,-243.75435,-355.55627
-124.52755,-126.161835,-1165.0428,-244.01721,-471.5047,-0.89318043,-651.2241,-119.618904,-365.58426,-121.06573
-488.00708,-126.554794,-365.08447,-0.8702511,-125.64379,-1145.3329,-124.119934,-497.761,-234.15175,-235.62425
-244.77449,-124.024796,-616.9988,-242.5629,-127.07071,-1162.2374,-540.8817,-481.073,-122.25167,-241.3559
-518.0455,-124.53127,-872.0788,-1.4852496,-127.03326,-618.2169,-1786.4158,-127.09625,-492.08414,-121.03055
-120.895775,-126.88414,-125.23419,-0.82449543,-236.04884,-120.49977,-117.99017,-242.59772,-120.4587,-120.967766
-476.59692,-672.76825,-1.2336463,-120.14643,-240.67598,-121.612854,-125.94305,-474.20956,-125.56459,-121.95796
-239.61932,-475.72995,-491.14468,-124.8545,-356.8643,-121.13262,-660.6785,-125.509476,-121.90044,-778.8066
-125.468895,-124.571686,-365.44012,-483.83243,-366.223,-497.1131,-0.58381623,-124.14213,-628.38,-237.72337
-125.44238,-493.15692,-124.71581,-604.0487,-124.5815,-239.57573,-368.65375,-124.78046,-361.05612,-123.14194
-0.29990137,-123.998245,-0.80917406,-729.2406,-672.865,-367.77612,-798.4498,-600.3641,-927.9656,-846.04755
-121.8572,-121.7919,-475.00543,-242.18318,-369.82657,-0.35533682,-125.7084,-626.47986,-495.80206,-853.2597
-480.58804,-239.59325,-0.71850944,-627.9743,-120.265076,-125.1758,-121.86942,-356.83118,-240.49751,-253.22073
-501.16498,-358.93317,-123.60352,-250.25838,-124.6918,-610.4745,-243.40416,-122.84999,-354.52066,-236.78694
-123.27673,-124.21723,-353.52115,-124.6918,-124.477295,-127.25242,-234.33395,-483.6127,-120.29834,-622.59717
-354.11438,-247.86232,-350.93124,-1.9412861,-247.42964,-124.661835,-119.67951,-127.9344,-480.92218,-125.87683
-124.053665,-1.3985043,-120.00074,-127.39845,-124.24309,-122.50652,-120.39492,-126.65029,-362.54492,-236.54614
-122.74306,-126.67261,-124.67543,-124.57656,-248.57388,-124.80263,-608.49713,-242.76968,-729.4568,-118.545746
-125.303856,-239.3618,-354.98682,-611.6789,-121.88766,-123.45071,-988.8271,-627.6873,-235.38763,-0.22660351
-0.1675257,-369.56223,-0.526685,-126.646645,-126.28307,-125.99982,-681.4755,-501.84677,-122.69829,-120.94362
-241.54994,-2.0851057,-239.59285,-1.453253,-360.28867,-125.1525,-121.095726,-238.86841,-123.944595,-233.89687
-126.0879,-242.72035,-237.75873,-916.02966,-241.75847,-360.82742,-0.3236761,-124.428154,-244.54642,-236.763
-122.77739,-486.06302,-359.6092,-123.02544,-246.56201,-125.01234,-121.92261,-122.6477,-126.570595,-121.53949
-233.13248,-641.2298,-123.498604,-126.3934,-2.5036457,-903.40643,-509.7002,-1.5648133,-1.555643,-352.7003
-368.38934,-126.4274,-125.65357,-238.70326,-490.7831,-368.76514,-359.76547,-486.40494,-120.70232,-364.37192
-380.7242,-124.09632,-119.509575,-251.39157,-121.66654,-125.37958,-639.1111,-233.43015,-242.65707,-364.4133
-125.18178,-512.2151,-124.368034,-247.77708,-1.8407921,-0.1809489,-124.87801,-362.57648,-123.389366,-359.3562
-361.4957,-126.98752,-352.18878,-492.12833,-242.72636,-910.2857,-689.79987,-368.43735,-247.9314,-491.6246
-494.37646,-361.3897,-594.2083,-124.41203,-246.36378,-877.29645,-238.57423,-121.8259,-245.14764,-122.10227
-118.0173,-127.33918,-359.95578,-648.669,-245.54509,-123.592964,-121.85563,-244.74164,-239.86732,-0.6925145
-123.493805,-370.14203,-237.78316,-127.12064,-368.96585,-245.50275,-234.95695,-128.04047,-371.64774,-239.2499
-238.585,-532.6098,-363.95636,-356.57654,-480.10706,-236.69205,-366.8447,-125.47166,-504.46518,-119.4639
-121.3936,-488.34406,-616.558,-126.12284,-122.31446,-357.77603,-1.0291163,-238.97437,-121.82478,-125.7479
-0.6607485,-242.6148,-494.23752,-252.47757,-125.70211,-910.14154,-235.63303,-122.56205,-354.68243,-127.441696
-481.2877,-122.33209,-126.0023,-120.18483,-627.2244,-120.91018,-125.35817,-240.53874,-483.5849,-124.9737
-122.949554,-2.406035,-484.12994,-484.9967,-470.6552,-238.96092,-125.73475,-126.32958,-611.1881,-125.8146
-234.59836,-121.6351,-615.52966,-249.87897,-126.09004,-1.0808196,-243.45969,-499.40506,-126.95334,-122.09333
-239.52768,-2.9001133,-122.97832,-673.3008,-3.2483718,-124.958786,-124.176765,-127.390564,-124.28771,-237.96793
-496.78058,-241.75703,-468.04398,-248.67924,-355.34842,-121.513145,-499.12354,-124.97452,-481.47858,-125.65651
-121.755684,-123.26162,-125.23254,-359.55875,-120.54317,-483.35858,-122.36419,-239.26776,-243.88284,-242.7749
-125.99559,-245.60454,-588.45886,-122.78702,-3.4531775,-122.397835,-242.44322,-576.1619,-363.08917,-126.41648
-516.15027,-1003.3505,-120.89029,-603.5538,-236.46223,-242.86552,-366.43472,-126.02438,-243.6,-355.67276
-478.4417,-122.19679,-234.12415,-121.06993,-3.400261,-124.30443,-125.10351,-234.12067,-121.9369,-123.2363
-124.26633,-239.02661,-126.29714,-242.65521,-368.2301,-476.24103,-354.0625,-244.58022,-125.98305,-0.403495
-241.33311,-251.79803,-124.97952,-126.485855,-2.209065,-122.67978,-126.92376,-119.87695,-235.6113,-122.08677
-491.3217,-120.05446,-473.5158,-245.05414,-247.31241,-769.1687,-125.954865,-122.847565,-123.79417,-242.20981
-240.5048,-482.34705,-124.46977,-361.97455,-2.779534,-126.207016,-369.95157,-360.89655,-648.301,-123.504395
-122.42922,-634.8162,-121.30298,-490.08603,-128.84273,-122.5126,-371.0943,-122.680984,-236.51268,-360.95578
-496.0328,-473.22357,-518.36017,-247.51965,-123.94808,-124.24091,-628.00446,-474.26416,-123.21026,-493.6264
-127.564896,-125.07381,-122.99328,-655.5054,-128.04868,-495.01517,-123.78771,-122.51612,-237.38214,-123.63609
-125.08483,-125.49446,-365.19754,-124.07598,-129.0937,-125.29555,-125.40135,-242.22485,-121.83883,-125.09856
-124.25216,-541.61176,-1.2234199,-2.1338432,-3.9020016,-479.34784,-353.52493,-479.07745,-120.70646,-239.42863
-237.69392,-354.80243,-125.961464,-121.120674,-240.08089,-125.27676,-126.1933,-474.152,-123.76604,-123.81802
-0.8655404,-241.20853,-0.51631933,-243.40579,-491.99164,-355.48547,-126.267265,-0.8790171,-355.86307,-466.1013
-241.60426,-125.27749,-242.84361,-628.87335,-127.07544,-123.44928,-561.12067,-122.23607,-353.68018,-122.748634
-474.70123,-119.694435,-505.18903,-121.59501,-244.24303,-126.38173,-125.58742,-1.0610815,-123.48032,-126.55442
-127.2295,-506.5951,-245.54594,-123.80981,-121.74736,-122.27915,-352.19287,-123.31052,-483.3424,-122.38517
-240.09479,-239.2436,-358.4931,-617.2989,-360.5454,-1.5325096,-610.43896,-357.2598,-615.6542,-123.51651
-601.56415,-239.69325,-124.49289,-119.711716,-127.68871,-483.9855,-120.999176,-237.79263,-120.92789,-471.1472
-122.07134,-120.20073,-240.70894,-355.6952,-250.11841,-476.89075,-123.54733,-353.18503,-351.26837,-126.551476
-499.019,-490.6503,-357.9572,-243.35512,-126.97581,-245.46443,-119.545845,-123.024124,-353.5191,-484.4876
-237.01549,-584.5132,-365.43512,-121.47475,-242.10217,-247.50632,-124.77477,-611.62134,-124.06698,-126.7139
-125.90614,-126.054146,-119.780876,-1.7390543,-241.9134,-120.731094,-122.172455,-491.74576,-125.06559,-356.31796
-367.67032,-126.27156,-358.38458,-246.76956,-243.75104,-125.38154,-122.636444,-536.85236,-670.8996,-119.42326
-244.92343,-123.197876,-120.751755,-505.65836,-598.7485,-0.832099,-239.3974,-123.1228,-486.86853,-120.06567
-248.15135,-241.78578,-589.4328,-506.81015,-125.88306,-234.51814,-367.01517,-486.34293,-352.7507,-123.99552
-352.04752,-244.27074,-122.577065,-240.1831,-128.09412,-592.3088,-246.5586,-494.3965,-475.65118,-0.4978307
-121.38462,-125.89083,-633.49133,-126.12439,-236.48877,-239.96341,-122.62289,-556.9619,-117.34794,-122.49159
-121.976906,-123.847206,-124.514915,-369.4107,-4.444555,-241.29988,-495.9157,-244.67221,-119.71887,-119.50121
-363.32568,-248.22899,-237.10042,-241.90154,-123.69501,-705.3875,-0.118740045,-497.53223,-123.81176,-127.33842
-2.11125,-482.21716,-0.6894212,-123.32859,-365.5789,-124.61654,-122.328766,-238.60802,-236.48991,-0.5854021
-126.327576,-599.78143,-119.67624,-666.814,-538.82654,-605.045,-364.7576,-243.60837,-0.5456729,-362.2912
-2.4941843,-126.17947,-642.5292,-362.0182,-127.00963,-620.3492,-123.06644,-243.21794,-242.97908,-123.092125
-237.7504,-122.33304,-121.649345,-359.21985,-125.24044,-126.80892,-124.332596,-487.54422,-242.08371,-119.05159
-240.10645,-495.224,-0.9760357,-234.59709,-2.8779852,-365.20038,-239.91809,-122.950386,-237.15968,-124.636185
-526.8833,-126.5425,-484.76022,-126.541954,-243.0741,-1.6609107,-513.9849,-500.92456,-472.09412,-0.45352486
-122.04306,-240.81616,-363.98557,-242.17487,-124.243706,-126.33272,-125.36258,-521.93176,-238.44409,-241.47873
-587.6796,-573.76044,-242.048,-370.77206,-357.89505,-488.2891,-599.30334,-246.4308,-234.79834,-122.4805
-121.10228,-126.120926,-241.2997,-242.50302,-239.83919,-123.31429,-121.34482,-367.33014,-118.97039,-122.591644
-122.256676,-606.12787,-644.4657,-122.4623,-239.03098,-510.97028,-365.33264,-365.24475,-120.334404,-122.720505
-580.30896,-527.9223,-119.376305,-587.9727,-125.82036,-121.65655,-125.635925,-246.00093,-234.31767,-473.99994
-242.06242,-481.25168,-364.01065,-237.88193,-492.8563,-500.17148,-125.032425,-124.35797,-237.01663,-244.15652
-351.11133,-118.21652,-355.40292,-123.374344,-122.0539,-372.3267,-121.02789,-126.15532,-240.351,-118.98299
-365.98276,-361.9484,-117.8741,-495.147,-122.86588,-125.26194,-125.53321,-488.57745,-121.922775,-499.11526
-124.67019,-124.71837,-483.9224,-119.59595,-127.05447,-126.84278,-488.95523,-123.55137,-121.25415,-0.73935914
-125.78896,-239.21194,-122.09673,-237.31529,-239.14142,-125.1016,-121.35299,-123.58198,-122.89763,-120.686005
-122.23077,-352.38364,-511.0087,-881.9868,-126.95854,-362.406,-477.54065,-495.43097,-373.3087,-125.44561
-600.2909,-236.948,-475.7002,-126.22478,-360.64807,-353.84735,-121.04053,-486.1582,-0.51783174,-120.016335
-494.90402,-663.7187,-491.45557,-364.54675,-126.852936,-119.916855,-239.24019,-120.7572,-554.599,-125.13143
-472.9902,-238.9863,-125.56605,-124.1274,-1.8381778,-242.3198,-366.52,-122.77487,-242.06926,-244.52058
-483.72836,-125.07448,-362.03354,-234.26292,-242.84673,-602.8707,-235.37993,-368.77042,-1.1446185,-615.5097
-245.86906,-1638.6128,-232.52457,-0.71079516,-359.98062,-234.88124,-126.44138,-356.2784,-124.38991,-563.6465
-485.71268,-121.953804,-125.60773,-360.52615,-121.00635,-121.42629,-123.555916,-127.96876,-125.73298,-123.71232
-123.78929,-126.71833,-122.40805,-239.089,-238.00832,-365.0033,-359.00558,-121.657906,-481.54495,-494.3156
-121.585144,-1.3333594,-124.33323,-766.0083,-122.293236,-125.925095,-126.508484,-126.11551,-603.14343,-546.51263
-244.31802,-0.346234,-122.902664,-883.1454,-245.16307,-494.40234,-234.61122,-126.002365,-472.08603,-238.30072
-125.66328,-482.61337,-358.5784,-237.59427,-236.89957,-126.46533,-122.53995,-359.29306,-608.47217,-367.5904
-601.0286,-364.5957,-240.17824,-366.5515,-1.9370008,-599.96533,-0.5017519,-245.90851,-119.056725,-482.79718
-123.35452,-492.83765,-498.09128,-505.33093,-126.66559,-122.28804,-236.10815,-123.70917,-362.96277,-466.22247
-235.33746,-125.57201,-123.31672,-1007.2465,-124.497696,-475.9142,-124.867096,-2.1080842,-362.9163,-244.08153
-361.27164,-499.78674,-353.6243,-364.81915,-242.77768,-118.516045,-236.19495,-128.21274,-125.77806,-125.868866
-0.55708593,-126.62845,-239.94905,-903.61224,-609.78644,-124.8499,-119.921974,-3.2369277,-127.60815,-124.47811
-123.41532,-474.33975,-125.63131,-120.99455,-373.2899,-588.6204,-235.25249,-122.64955,-128.37401,-125.27
-596.2841,-236.23878,-123.33972,-125.13221,-238.61192,-619.5687,-0.8603703,-481.76352,-477.26254,-122.85688
-0.34326333,-241.12082,-124.78117,-475.2171,-125.41193,-126.7535,-125.006096,-478.57324,-125.25908,-354.9088
-3.0467794,-122.383675,-122.99887,-124.94694,-119.88899,-1.8520082,-126.95075,-352.49924,-122.71363,-621.12103
-363.51874,-125.79953,-122.249374,-1143.9915,-124.515594,-359.55643,-362.31598,-485.07364,-242.72134,-359.28036
-242.93642,-123.32833,-492.56915,-487.93832,-126.4015,-125.31055,-124.030685,-244.44827,-121.80939,-235.78696
-240.09952,-125.53237,-119.880775,-243.32466,-2.3788834,-706.76056,-124.66813,-238.58102,-349.6218,-241.8873
-468.1838,-536.007,-126.19475,-643.2778,-586.42596,-242.95811,-125.39259,-126.08058,-126.73546,-624.90546
-591.8451,-235.49017,-362.6813,-253.81625,-124.59112,-124.68959,-551.9163,-357.30264,-124.86417,-537.53015
-124.778564,-528.62726,-238.62782,-238.07661,-362.5534,-1.0193077,-242.8249,-127.14831,-4.988605,-485.89816
-127.92925,-122.79288,-123.61498,-125.40302,-124.196884,-615.9364,-123.129776,-124.7517,-241.10757,-124.45386
-481.55585,-125.502846,-125.71698,-122.72403,-356.66592,-633.27185,-238.38351,-355.05145,-358.9669,-586.2564
-3.9030845,-118.02383,-126.59892,-369.2057,-120.01989,-126.07064,-123.36224,-362.6724,-123.128426,-125.358536
-236.91621,-604.6959,-122.14589,-234.75255,-126.10673,-123.58875,-478.3525,-481.0661,-358.75928,-121.5825
-360.29575,-0.34279236,-614.24426,-359.29416,-123.788,-237.82146,-493.79343,-244.24066,-126.696144,-125.16484
-487.44174,-122.19729,-122.76339,-620.6283,-124.6842,-239.4051,-479.19254,-234.21901,-1.8871669,-354.5264
-245.8952,-124.89364,-365.35403,-548.37225,-121.53798,-237.22499,-358.07883,-124.175514,-0.8574538,-118.134865
-127.38179,-474.8849,-125.90118,-242.08777,-473.6283,-125.535774,-124.94211,-366.582,-497.36566,-479.4871
-126.764496,-125.755775,-486.6143,-120.091965,-243.26929,-356.4173,-0.32473636,-488.0667,-358.52475,-124.97641
-242.39876,-236.5284,-484.00775,-472.91672,-126.78776,-121.98549,-0.25521794,-498.5152,-122.58533,-0.76697403
-126.1922,-123.22522,-123.80249,-481.78342,-233.47636,-246.72125,-508.0718,-243.13742,-127.06012,-466.9249
-369.1632,-482.64474,-127.846924,-471.12524,-122.449036,-121.002335,-236.84229,-127.4837,-127.5787,-117.93277
-124.68112,-476.69434,-653.9496,-356.2295,-369.4339,-359.7519,-481.12912,-128.84871,-2.2015347,-237.73837
-544.3208,-236.85078,-125.65083,-497.0571,-125.60055,-123.483734,-244.64062,-353.16174,-360.86035,-124.48965
-236.10028,-127.08926,-480.08972,-239.21008,-235.02739,-120.81377,-117.83613,-473.81448,-127.3134,-363.66272
-246.00348,-355.20294,-3.0148127,-123.35404,-126.5174,-242.74704,-125.45928,-122.39822,-127.15168,-487.4058
-127.31215,-122.39485,-123.36062,-248.13199,-365.80576,-123.08538,-242.85811,-240.04019,-124.60606,-479.16296
-354.1022,-119.18139,-122.649765,-355.4142,-363.502,-122.918465,-359.68753,-486.53882,-368.39886,-121.23335
-639.42865,-522.9724,-242.54143,-549.20306,-118.79256,-359.6795,-126.07736,-484.01224,-244.4137,-240.25148
-127.26853,-238.33536,-125.30969,-121.30545,-528.2966,-237.54306,-239.20953,-468.72812,-565.45996,-122.99745
-480.2941,-363.94672,-122.12598,-358.52603,-118.228325,-373.07602,-117.976036,-124.617065,-371.25638,-241.29681
-361.78262,-124.12577,-125.77759,-127.06406,-484.55933,-618.9583,-121.32094,-126.00573,-599.9619,-248.5237
-121.0588,-122.54904,-125.39739,-118.02642,-622.56445,-125.236725,-0.33323848,-239.25258,-359.7521,-122.327934
-496.7443,-617.87286,-120.86617,-628.40936,-358.69028,-120.64153,-475.3156,-124.958046,-124.45161,-121.866776
-3.3150408,-363.29132,-126.90124,-556.0838,-240.59511,-123.02715,-240.93536,-124.1805,-121.26651,-368.6235
-127.5922,-238.24817,-123.81838,-359.81714,-122.00274,-365.06097,-547.2029,-118.7143,-582.40955,-236.33498
-250.63892,-239.74593,-125.32546,-241.53645,-354.22552,-123.60064,-245.15327,-123.65227,-243.92873,-122.19256
-128.54802,-350.96646,-126.889046,-122.84056,-242.09958,-498.99255,-631.82477,-243.24127,-492.114,-124.68282
-127.50725,-120.68201,-243.31134,-243.83698,-121.40931,-356.84958,-123.19115,-121.86158,-0.5720901,-126.39298
-129.47725,-123.041595,-361.3127,-126.447235,-237.43016,-238.0984,-496.3419,-350.29,-118.4288,-0.5833115
-470.67245,-120.623116,-126.4046,-121.11146,-124.955025,-120.44616,-0.41533896,-122.156654,-234.41019,-121.94378
-359.5632,-234.79768,-244.78142,-125.89384,-1.3374103,-359.58606,-358.9818,-479.40555,-499.4234,-367.53714
-128.0461,-123.97502,-245.3534,-369.42322,-123.61232,-243.575,-358.21198,-361.68652,-125.1982,-119.046585
-128.96082,-240.38316,-125.23892,-363.26227,-0.6382603,-122.4799,-243.15532,-122.50936,-241.65039,-239.56944
-122.98351,-354.87656,-241.46597,-471.83035,-367.3099,-359.98578,-489.6599,-242.34464,-475.58484,-122.740776
-121.82926,-123.11438,-587.8474,-119.62797,-0.5971712,-0.67041343,-354.62305,-123.38844,-359.97104,-123.53582
-122.16622,-0.57682765,-497.96988,-475.67014,-241.18666,-483.32245,-122.41783,-119.175575,-122.50025,-352.86945
-245.95642,-125.11271,-121.8369,-125.46186,-236.46695,-624.5459,-123.78448,-0.5262197,-124.67055,-119.35415
-362.03702,-126.004555,-650.1774,-577.0046,-122.39761,-125.286804,-386.11453,-122.138306,-3.3928258,-118.35498
-125.00517,-239.11343,-605.3995,-362.25433,-0.8323966,-123.60785,-122.978584,-244.87178,-364.59714,-236.07962
-127.8568,-357.79547,-476.3241,-119.9685,-122.830376,-365.318,-236.05504,-240.06703,-128.05441,-366.70276
-241.41112,-237.41853,-494.12183,-239.38518,-354.65756,-124.55909,-125.64767,-244.10594,-123.7344,-117.95855
-127.038445,-498.08493,-1.9266056,-544.6582,-520.2215,-126.76012,-118.79632,-358.6803,-686.8305,-238.9222
-241.38525,-358.90796,-240.77979,-357.03906,-502.64606,-125.695274,-0.24623011,-126.136856,-124.83916,-356.10822
-241.93134,-238.35716,-125.86053,-236.4261,-240.62071,-477.0188,-507.61118,-470.73035,-356.70752,-625.1993
-366.92883,-235.08298,-363.557,-473.40976,-238.43137,-0.8310725,-0.80998653,-125.82298,-238.39583,-475.5977
-126.47212,-233.42192,-481.75952,-510.12692,-235.84766,-124.398445,-239.35942,-483.23892,-126.15171,-1.511138
-126.46646,-0.4266914,-122.20296,-240.73816,-515.9354,-123.73742,-118.50696,-490.38333,-493.91318,-125.14361
-243.46692,-119.89259,-122.404305,-125.93787,-1.988601,-622.294,-124.142784,-365.4182,-245.41139,-245.87662
-125.78294,-240.70717,-360.59464,-122.30015,-124.79867,-124.644745,-498.64316,-242.03069,-0.42433745,-127.33793
-128.23491,-0.5729424,-125.31982,-124.64623,-244.03561,-351.45987,-120.53688,-0.8052729,-479.11343,-584.67957
-125.61561,-124.88833,-123.81524,-121.57426,-357.39725,-365.8319,-241.60529,-487.00864,-488.03433,-241.90723
-239.38322,-123.202255,-489.50436,-588.3716,-120.08345,-121.23298,-470.61337,-122.62436,-126.85144,-125.16066
-367.151,-121.22278,-0.23570181,-512.72687,-237.99538,-125.9395,-122.90135,-122.67991,-127.33296,-121.42912
-129.71375,-124.59471,-502.67163,-124.28974,-234.71402,-234.99939,-122.12913,-122.53863,-125.843895,-122.73724
-476.14502,-122.923035,-651.4838,-121.15314,-243.51009,-0.18006273,-123.99584,-124.006744,-125.481766,-239.56299
-3.810938,-125.115295,-0.3599709,-240.77075,-125.68035,-124.35445,-120.120384,-353.10834,-242.29909,-120.43952
-4.0882463,-124.311676,-370.23694,-122.194046,-358.4957,-239.38638,-566.314,-120.81396,-362.22742,-513.4571
-3.5826986,-485.63742,-122.88153,-238.82176,-242.66565,-125.299355,-123.5725,-242.31808,-359.53738,-0.3129366
-240.89554,-124.05824,-123.377884,-365.14413,-123.22869,-121.705765,-357.30154,-119.50579,-240.5279,-119.002785
-127.91278,-502.11182,-119.679474,-365.19327,-121.4992,-602.6409,-475.10495,-361.41833,-236.03178,-363.01746
-124.05125,-123.105446,-502.45758,-123.48878,-126.14302,-244.26338,-118.92554,-124.99174,-351.6152,-480.07068
-369.01035,-122.560616,-125.530495,-236.61067,-127.42149,-503.5913,-124.60409,-236.38362,-512.80206,-123.06748
-127.705154,-351.48526,-241.76538,-123.41339,-122.98953,-505.07404,-233.17195,-118.96843,-124.31166,-126.39461
-491.43378,-544.36194,-241.869,-124.534676,-126.465866,-492.64188,-121.31889,-124.20539,-1.726722,-238.881
-482.57117,-120.07282,-560.9497,-364.90158,-360.70615,-125.71029,-123.534294,-561.72565,-629.7918,-124.91607
-621.1295,-489.22516,-239.06796,-119.768654,-246.07361,-123.91036,-240.68689,-123.13562,-123.23243,-243.17398
-2.6103961,-125.68839,-125.84794,-487.58142,-363.03586,-125.69197,-118.919075,-369.3851,-119.02754,-128.17842
-240.7953,-485.57767,-595.2622,-375.8128,-123.50702,-122.98662,-618.95905,-243.60701,-242.63202,-610.3772
-125.473274,-658.7292,-128.75453,-352.1292,-122.33724,-0.16546117,-125.71466,-126.455124,-241.94983,-471.66028
-485.59235,-123.84966,-365.1596,-348.1981,-122.457184,-244.08311,-117.94362,-118.955734,-354.51746,-241.892
-538.06525,-246.96097,-117.62676,-122.9118,-482.9722,-120.40438,-490.46097,-0.68875664,-127.45701,-358.25146
-125.14655,-354.88293,-124.81525,-2.8759665,-5.0809646,-245.24745,-234.04276,-372.0691,-524.80676,-244.87996
-125.3048,-243.60335,-242.04033,-123.64446,-122.143654,-125.85433,-234.7829,-126.33497,-239.89722,-125.72252
-367.04395,-367.9844,-366.72913,-351.51483,-241.62257,-240.0205,-126.049774,-481.0168,-121.77574,-123.27383
-357.92773,-593.31024,-123.36065,-359.80917,-126.78866,-121.886894,-122.12522,-245.02882,-120.92725,-475.615
-358.34152,-125.79025,-122.95574,-123.10274,-355.2135,-625.6919,-121.40519,-493.39346,-122.1847,-122.639725
-352.45456,-368.02664,-358.96448,-513.0412,-129.75256,-124.94241,-244.22365,-361.29337,-126.304634,-122.39683
-123.24269,-1.5766894,-622.35205,-358.92886,-241.13226,-121.76122,-361.42993,-126.569885,-118.883286,-474.32098
-236.80576,-124.14553,-122.15244,-633.5834,-364.05585,-368.4929,-123.99472,-123.320885,-121.225105,-124.60997
-498.71658,-243.18143,-236.7344,-123.97422,-492.6701,-122.92685,-120.163765,-484.57498,-121.305885,-125.73449
-124.83194,-360.18527,-0.6839258,-125.43581,-362.8269,-120.28246,-124.1275,-482.93167,-126.54356,-0.7186379
-353.66376,-246.01288,-234.47003,-240.08289,-616.27203,-479.15085,-494.33566,-122.98815,-126.96209,-352.79132
-243.46567,-122.78713,-121.948975,-127.449295,-239.04915,-119.843094,-358.0751,-247.75058,-122.66072,-505.7962
-124.885544,-244.35089,-124.82978,-536.53015,-487.68106,-0.16986246,-239.34413,-523.62335,-356.1848,-248.28246
-503.05002,-245.54634,-1.3165722,-354.12833,-4.460182,-118.66248,-1.0983135,-236.1953,-120.31454,-684.20306
-239.51273,-127.19029,-236.7659,-512.1115,-239.23618,-245.58565,-372.96567,-124.12826,-360.77335,-231.88615
-0.31779644,-567.9513,-125.33907,-480.61783,-480.03534,-125.948586,-125.77301,-242.94289,-244.53798,-235.37677
-0.08223966,-604.40576,-124.24803,-122.574615,-474.02344,-120.43796,-125.92602,-364.5892,-358.92838,-124.57071
-478.20178,-485.62054,-366.018,-349.1659,-125.77367,-238.3751,-469.3157,-242.25024,-125.3751,-239.73126
-238.82716,-241.24864,-507.54175,-126.55944,-242.88475,-242.21367,-232.70229,-366.84927,-664.6061,-240.31364
-490.80484,-120.47732,-615.23737,-123.94774,-487.74887,-634.9841,-472.1084,-122.09308,-239.04478,-0.6288683
-241.89198,-235.68561,-122.27026,-489.9653,-4.553068,-125.10371,-125.79711,-608.4984,-122.425285,-614.01746
-123.25727,-237.23842,-126.36231,-125.50013,-4.547479,-622.8162,-125.037415,-362.88596,-126.414734,-124.29831
-650.2354,-126.91345,-122.128784,-364.0451,-127.00261,-735.6709,-588.9551,-243.58147,-121.17663,-354.49417
-369.2557,-364.57538,-239.31526,-474.97897,-245.81622,-119.965866,-125.14131,-359.30222,-122.8699,-125.503914
-234.2671,-353.4182,-579.83984,-1.4575324,-594.93384,-488.49063,-126.35819,-365.96512,-237.51175,-122.56141
-235.6616,-126.244316,-241.78256,-354.28668,-4.7941127,-351.5291,-126.630936,-0.9462139,-239.02385,-234.59654
-359.3062,-125.44544,-123.53757,-120.14192,-249.22562,-0.06930289,-635.9854,-125.11704,-366.47144,-126.229645
-240.88185,-2.2182188,-240.26006,-126.06726,-597.65375,-238.28127,-487.0198,-123.78998,-236.58247,-528.4239
-359.00687,-126.36867,-594.2765,-598.20447,-584.68915,-0.16874096,-544.4417,-240.67003,-1.8021529,-126.01944
-120.05993,-123.934395,-125.50441,-245.61583,-361.992,-502.96097,-126.30071,-493.2667,-468.17337,-126.70032
-121.327286,-244.98956,-125.70337,-124.187096,-357.74036,-357.91156,-498.69656,-126.12604,-507.04163,-237.74202
-366.70642,-360.77533,-490.66205,-123.428635,-128.55133,-0.47704777,-0.46544522,-239.74152,-242.85497,-122.16079
-484.7752,-126.54917,-125.17934,-126.301216,-355.01736,-123.62226,-125.567825,-121.976944,-126.06563,-505.0333
-2.4403632,-1.5221148,-237.49031,-123.16392,-240.03287,-124.93042,-512.7149,-126.12634,-785.39984,-610.28986
-476.6992,-238.94806,-123.84194,-478.8803,-123.41724,-557.0902,-360.41656,-126.21388,-120.26533,-470.77145
-119.53861,-354.65787,-528.56354,-242.74022,-4.2269483,-119.690346,-241.82773,-354.92526,-366.27792,-0.3383899
-367.2379,-470.46185,-127.798004,-123.78457,-129.75941,-503.41245,-125.85797,-127.55653,-126.213104,-593.42474
-122.174164,-127.285385,-120.48967,-1.7365518,-122.503914,-124.142365,-242.23671,-125.17076,-125.29161,-238.14722
-360.02887,-127.266815,-366.40234,-360.1333,-501.07724,-0.24866867,-243.10312,-119.61855,-235.24898,-238.51031
-240.85176,-483.9834,-240.85362,-123.655914,-127.75393,-236.7783,-121.398155,-1.0564321,-238.181,-492.2773
-120.44148,-1.106203,-603.11224,-545.9464,-129.5532,-125.660286,-365.56158,-362.52646,-127.16786,-532.68677
-239.84914,-127.20324,-122.48401,-238.56381,-490.64493,-370.17435,-243.07178,-126.587395,-352.62897,-122.44982
-354.7131,-472.46664,-118.966,-122.25414,-121.83074,-366.27008,-490.16962,-127.4579,-244.97795,-476.5822
-243.93327,-1.204098,-242.83195,-249.46216,-367.64545,-488.734,-126.44355,-123.70506,-239.08574,-127.18757
-126.55606,-485.7464,-121.11973,-365.92117,-473.97943,-124.59951,-628.28516,-123.20268,-361.9286,-234.21397
-123.00093,-561.87976,-490.3264,-363.5792,-129.31427,-123.17364,-475.97437,-363.38574,-125.0558,-367.68445
-125.458755,-241.17667,-124.1127,-595.99286,-4.3451314,-123.103065,-125.89785,-470.78723,-551.3805,-120.21947
-125.94327,-122.73563,-361.38464,-235.89215,-359.42145,-122.78262,-618.5999,-119.53756,-353.71246,-245.26611
-124.19797,-480.07407,-243.15996,-360.14023,-247.1932,-240.33447,-120.5991,-1.3057184,-124.61331,-120.242905
-361.80823,-354.64798,-239.99019,-241.00331,-599.7805,-0.33615136,-238.81348,-497.594,-486.01172,-119.75659
-126.14824,-244.03088,-122.424194,-124.8672,-367.86423,-493.5087,-125.23104,-126.34369,-601.33496,-119.47735
-236.3843,-598.95245,-125.54763,-1.5150284,-128.28278,-124.801636,-125.93561,-534.08215,-240.06047,-242.27075
-240.74982,-494.3608,-232.8432,-125.943214,-243.90147,-124.16102,-472.05276,-127.68127,-126.33748,-128.23285
-124.114006,-246.2856,-125.039536,-242.54256,-590.05164,-118.89161,-125.397385,-240.55122,-234.87598,-125.16919
-120.33892,-126.8014,-364.98672,-122.627106,-129.2404,-122.221596,-642.91296,-483.21432,-127.09908,-500.5102
-125.461426,-484.28955,-620.19775,-126.80233,-476.60864,-117.48045,-363.40103,-243.53453,-122.52326,-0.26801315
-356.87363,-370.58676,-117.36881,-370.89825,-127.418465,-117.87061,-531.9021,-494.04562,-122.96792,-236.83815
-128.21025,-125.40606,-236.66504,-128.04083,-121.81619,-771.41846,-125.232216,-123.67409,-236.7586,-350.48093
-364.90323,-122.6957,-119.32199,-485.8343,-124.15737,-126.074265,-239.96332,-125.45273,-238.74857,-124.36643
-353.68124,-362.53592,-357.895,-605.2524,-493.5959,-497.9288,-118.800735,-124.30768,-0.17108545,-241.03313
-126.46028,-241.84135,-124.84298,-126.06939,-120.92215,-242.95848,-125.607086,-122.95194,-351.23538,-126.63822
-127.01531,-241.99776,-128.84044,-356.21204,-126.58836,-238.46231,-357.56775,-120.257454,-126.181274,-537.1327
-2.4383428,-245.95865,-533.539,-121.55508,-122.372665,-494.11026,-123.39628,-478.09964,-119.5712,-124.6578
-243.0098,-357.7776,-2.13252,-481.98654,-126.94011,-511.03613,-238.64822,-1.4994477,-125.001625,-611.0449
-234.79732,-358.89804,-125.90598,-242.2934,-125.28576,-124.91366,-244.36339,-121.373024,-0.2669334,-487.8668
-240.5521,-363.46884,-125.32656,-127.48091,-126.14589,-0.54061127,-352.3424,-123.064,-234.36714,-522.92084
-356.90128,-352.27698,-1.2900571,-578.2394,-491.46997,-125.32713,-125.6145,-365.8912,-123.53394,-0.35124463
-122.96689,-365.43564,-366.5303,-365.83185,-4.4343014,-123.49557,-124.675735,-121.96048,-502.72803,-0.37918353
-546.13654,-573.2079,-600.7251,-125.086395,-522.3305,-240.48047,-119.70748,-354.36835,-1.9335487,-119.21337
-481.40195,-127.18084,-234.05772,-1.722379,-244.6205,-374.28253,-240.80617,-127.988655,-594.1182,-126.31521
-606.81366,-355.72305,-370.47153,-354.772,-247.80583,-369.3882,-124.31868,-127.1555,-121.640205,-126.7424
-493.97687,-240.02101,-126.52171,-127.71029,-125.632034,-122.556206,-479.008,-355.06564,-622.23425,-0.43818533
-243.93306,-610.3325,-574.2667,-126.71456,-123.277725,-242.52719,-504.08008,-1.1004615,-498.73224,-235.70033
-128.6695,-356.5169,-0.32785895,-1.1377448,-241.08089,-0.17415282,-242.4711,-365.48523,-361.32834,-237.93744
-126.91083,-126.211945,-125.51484,-365.3644,-238.29295,-119.754875,-238.87395,-588.7224,-608.7085,-238.69907
-244.00069,-125.11725,-239.52563,-613.9218,-355.36972,-125.722496,-355.6456,-126.55672,-120.77545,-674.9169
-3.0803182,-470.05426,-122.44988,-372.6986,-240.38626,-234.06615,-497.296,-125.275795,-125.39231,-234.86891
-479.60156,-619.7869,-235.63364,-120.83341,-359.11026,-126.4999,-240.46057,-120.626785,-123.315346,-606.7489
-359.8997,-546.6844,-125.40406,-246.04955,-357.04965,-124.18481,-612.2776,-500.98712,-244.53304,-785.6252
-128.39934,-476.4988,-233.54437,-123.18634,-560.5538,-498.65768,-232.72098,-126.17134,-233.31268,-244.85292
-3.020637,-126.67657,-124.7285,-118.40271,-124.2885,-124.336655,-122.73943,-119.89291,-571.8325,-122.463135
-371.65662,-126.86722,-121.21679,-121.08658,-123.95532,-123.45341,-124.411446,-124.16619,-233.70644,-361.07855
-129.16998,-122.10398,-232.7104,-356.2946,-122.331566,-0.3575735,-374.02496,-125.05945,-594.84735,-242.13907
-247.17123,-474.96695,-121.03248,-125.15386,-124.80057,-126.46819,-375.67395,-128.43301,-368.8755,-491.4339
-128.10374,-241.91777,-508.64447,-0.7043679,-243.64345,-125.71381,-124.111946,-1.6322147,-125.24002,-359.88348
-1.1337165,-235.98138,-126.11485,-121.11245,-359.82925,-119.488235,-119.14392,-243.58981,-352.09186,-233.03323
-243.09517,-124.4906,-0.8908484,-234.78197,-239.20438,-124.17794,-125.67131,-355.75323,-238.48868,-690.92883
-608.53796,-475.59372,-118.58789,-476.18158,-691.3396,-122.87802,-123.2834,-247.3947,-124.54182,-121.37774
-123.66331,-240.02663,-484.39014,-366.16748,-119.14025,-0.1533112,-477.18433,-363.35654,-487.7131,-492.81076
-354.85217,-125.84336,-0.6493029,-364.64868,-125.70194,-123.23276,-240.36781,-117.44748,-478.6323,-124.6989
-372.59607,-500.1311,-123.45133,-119.249374,-481.3172,-119.86646,-477.8119,-121.986374,-239.83534,-355.36975
-121.359886,-604.4124,-503.85287,-651.5763,-124.83451,-124.34023,-126.178375,-124.44689,-489.72464,-125.522125
-122.21806,-495.976,-245.42477,-542.23944,-594.7112,-356.25406,-126.648575,-0.5401168,-534.4478,-361.05362
-359.83755,-123.93604,-362.9553,-364.39,-235.11754,-356.06393,-370.82465,-125.27794,-1911.9363,-125.58219
-1.6359817,-356.47125,-126.215805,-626.7839,-1.2115407,-235.98338,-237.92766,-237.62657,-242.68379,-121.478874
-1.0214872,-0.75874597,-125.35998,-0.5686586,-241.17494,-482.70383,-474.12955,-118.89464,-354.6717,-124.77301
-1.0046189,-0.36101815,-125.79968,-588.6046,-473.7217,-505.2443,-118.153564,-498.30417,-352.0125,-352.80774
-669.82007,-125.20261,-373.6657,-126.371025,-640.51434,-477.8367,-243.92241,-123.213295,-118.33643,-122.983765
-1.1224391,-348.76974,-125.10489,-1.6560035,-612.82104,-511.45355,-473.3991,-550.39166,-120.186874,-124.60408
-486.29248,-363.27805,-356.32336,-125.42204,-122.82208,-122.34585,-119.30234,-122.93144,-121.37798,-121.38009
-125.60682,-240.31116,-122.58597,-120.93827,-365.9121,-505.4182,-123.709816,-586.1834,-243.87405,-596.79895
-0.5037795,-125.00806,-127.60782,-126.1212,-123.027374,-123.05448,-1.4146432,-123.87126,-481.75827,-123.71359
-122.57308,-362.4459,-123.65411,-359.34344,-358.47244,-119.00035,-602.77374,-235.70674,-128.43372,-506.33728
